{
    "Kidney": {
        "accuracy": 1.0,
        "roc_auc": 1.0
    },
    "Liver": {
        "accuracy": 0.7350427350427351,
        "roc_auc": 0.7532567049808429
    },
    "Parkinsons": {
        "accuracy": 0.8974358974358975,
        "roc_auc": 0.8348214285714285
    }
}